id,name,latitude,longitude
1,Patricia Montoya,62.63659032466258,11.447523392637097
2,James Lopez,62.07604099342122,7.2818092500213805
3,Ashley Gonzales,60.21586903755315,12.059423071407045
4,Darrell Jackson MD,59.44217800742588,5.254269911739317
5,Mark Curtis,60.361806879261486,5.339560776639257
6,Samuel Rivas,58.17283314096248,7.9681258645289805
7,Mark Martinez,62.07947305987974,9.130604379389334
8,Christopher Haas,59.70018931789592,10.154532404600474
9,Rebecca Davis,58.127429177797225,7.991962831098297
10,Anna Nichols,62.104534502003915,7.227748691093272
11,Curtis Davis,62.66305564339491,9.589065119501766
12,Amanda Foster,62.65088137891579,9.650488281914336
13,Timothy Moses,63.09945824923367,7.793807548278403
14,Maria Carpenter,63.45363419280053,10.316648261705666
15,Willie Arnold,58.98921470548344,5.705394680563865
16,Lauren Martinez,59.70445916596642,10.299991778063784
17,Melissa Rivera,62.622328569363575,11.327953365232284
18,Monica Combs,59.25775140691485,10.917663744559936
19,Roy Hall MD,59.70586850420393,10.120355843010744
20,Gregory Morrow,59.246765777584066,11.019580287977742
21,Cynthia Simpson,62.594635899134985,11.418809163433982
22,Lisa Cabrera,63.170438211339345,7.725189612137072
23,Crystal Phillips,62.593224455351134,9.64160640231513
24,Sean Allen,60.20129533713722,11.968687394318662
25,Theodore Carlson,62.5678727061636,11.347477452039449
26,Linda Baker,60.80432804936055,10.755586568852681
27,Brian Blanchard,60.75600478034929,10.719856532052193
28,Patricia Jefferson,61.738694314408036,9.64949312274715
29,James Smith,62.04111405288254,9.226468812318858
30,Jeffrey Wood,62.516654906588016,6.166770637582874
31,Suzanne Miller,59.496417088283394,5.293518846653708
32,Jennifer Parker,62.64137379236369,11.370621961087547
33,Sharon Fleming,58.17960335869745,8.00916439553721
34,Dr. Glen Hernandez,61.58479371379663,5.136173379613503
35,Shannon Dominguez,63.149988409770955,7.79637155342374
36,Dana Hopkins,59.46804098598303,5.296947302794363
37,John Berry,62.59844406942701,9.515847420760858
38,Colleen Bennett,60.77795612493576,10.596925670211641
39,Mr. Lee Ruiz,62.60082092749264,9.660724320373284
40,Alan Davis,62.03878360272892,9.127479240689807
41,Colleen Dodson,58.13956046362723,7.943126500201349
42,Thomas Marshall,58.98616990117473,5.690698394567275
43,Joshua Castillo,60.43040271937342,5.3495700758335865
44,William Cardenas,62.624059872380286,9.558302614413067
45,Renee Freeman,61.71487267085917,9.547371573605803
46,Christopher Adkins,60.75918053924803,10.791603260682779
47,Angela Downs,58.12869481168727,7.914541874658986
48,Rachael Higgins,59.43332133952228,5.293596444592937
49,Barbara Evans,60.20520672721216,11.872603927892287
50,Kimberly Barker,59.08194716502303,10.048104972515278
51,Travis Atkins,62.04055912303313,9.197622134719065
52,Kathryn Williams,60.572646265878575,8.136685731088768
53,Dennis Obrien,59.44290161981837,5.375634756483651
54,Stephen Holmes,60.772086824375585,10.718239000706745
55,Kristin Robbins,58.94589500145868,5.80642509608976
56,Andrew Jensen,58.13597398563962,8.040669871357863
57,Judith Ellis,63.1201145937513,7.725671161612767
58,Mr. Timothy Hernandez,62.44129074961646,6.178175909143761
59,Joshua Gomez,59.74688222742876,10.109069672913755
60,Donald Hernandez,63.17262106819795,7.801698243053268
61,Jason Gomez,61.6738294883711,5.016496175556955
62,Christina Farrell,59.22668255016838,10.950830590953538
63,Brianna Jones,60.58384241741865,8.309373576856345
64,Jason Moore,59.475633023347086,5.2122600640836
65,Jennifer Sutton,59.07440891009157,9.971993614520516
66,Megan Chandler,61.590324724723146,5.004676636190714
67,Emma Davis,60.433459291276435,5.326709279068094
68,David Russell,59.08037718091312,9.937904400677008
69,Michael Baldwin,62.643950983733426,11.289116954422413
70,Rebecca Brown,60.58443861822276,8.28130497190275
71,Amanda Harris,63.410877977853744,10.42958958561865
72,Eric Lopez,62.49479772617287,6.07991090205776
73,Dylan Walters,62.07213876134248,7.187535204692651
74,Amy Lloyd,61.6455361524449,5.083209572456772
75,Jennifer Owens,59.93202543247848,10.838197451462559
76,Tiffany Smith,60.38126884721175,5.381245151904952
77,Rachel Morales,62.62681759145732,11.296163910262603
78,Christopher Osborne,63.10009062247523,7.798400193166214
79,Cindy Oliver,61.579310301183696,4.946934008127849
80,Jennifer Booth,59.20361968702055,10.890492802540267
81,Christine Webb,62.63399068781267,11.287150029441516
82,Mario Reyes,62.0771331838454,7.166659592502943
83,Blake Gonzalez,61.62477985076065,5.102502259149797
84,Brooke Duran,58.188251970960756,7.958292363017789
85,Larry Garcia,61.60938099170434,4.955972370952396
86,Jennifer Jones,58.12664007752573,7.946615547429256
87,Joel Harris,62.647375592540136,9.545733413869316
88,Todd Hall,60.55689572863165,8.232629677359714
89,Mark White,61.78393033172765,9.526600695494588
90,Anna Stafford,62.658890592440095,9.702952023048171
91,Robert Burns,59.015533289802676,9.956781266319114
92,Angelica Edwards,60.42819941175722,5.280328140092392
93,Amanda Hayes,63.451275556838,10.380026047496662
94,Matthew Rangel,60.43392320427477,5.313031707682124
95,Ethan Rodriguez,62.59550766312479,9.587843565388809
96,Jessica King,59.7770400331994,10.247051967581683
97,Cody Chapman,62.67164019970033,9.562351277529118
98,Ian Washington,62.65456494313278,9.662966833178267
99,Michael Fuller,62.60085786082233,9.520678798521166
100,Jennifer Dunn,63.439069394731945,10.46155506139595
101,Michael Jackson,58.99836555445715,5.740757906543408
102,Glenn Nelson,63.170904281528045,7.716954601061443
103,Samantha Lopez,60.24046671532616,12.02874074082743
104,Michael Wilson,59.00794225754408,5.682217970035813
105,Matthew Fisher,61.61742414933127,4.95673087307857
106,Wesley Powell,62.4431613201155,6.217139366962093
107,Tracy Banks,62.61364744518545,9.649270064489444
108,William Rose,59.69992144780882,10.265952257036032
109,Daniel French DDS,60.434689667910845,5.213429178450731
110,John Williams,62.61535232352906,11.30425419557771
111,Leslie Hawkins,61.77444011973978,9.586123977291125
112,Timothy Malone,62.44302049337431,6.073614033198381
113,David Kirk,60.60582995833879,8.249446098741402
114,Brandy Charles,62.046922334638175,9.028830395357124
115,Christopher Cain,58.955991376685894,5.63815463948146
116,Shannon Simmons,58.93045696044411,5.718620140008645
117,Tiffany Atkins,60.28446294429913,11.914518003527776
118,Robert Peterson,62.49417068505417,6.097627061580211
119,Darrell Hughes,60.24535212685185,11.905361873490872
120,Chelsea Jones,59.07600963025933,10.051932209518581
121,Blake Bennett,59.45655311814437,5.268247218806038
122,Jessica Smith,63.14090827771552,7.809236667950715
123,Jordan Walters,63.136533682310535,7.695280408477798
124,Kimberly Ford,61.75215816852834,9.602352960872556
125,Johnny Stewart,63.38213497438626,10.434092103968354
126,Kristen Sawyer,62.10659886377102,9.205635777607553
127,Chase Bishop,62.47218189780995,6.216839230544674
128,Neil Charles,59.782745659508564,10.274544880482727
129,Aaron Guerrero,61.74929604291885,9.510787715291537
130,Tiffany Gonzalez,62.1320646179798,7.1926046072849035
131,Christopher Coleman,59.960833089053516,10.814225948249831
132,Timothy Wolfe,59.87556095737576,10.760997993091081
133,Pamela Hughes,61.6640520376495,5.016202211688349
134,Robert Smith,60.24870183904118,11.922954836727008
135,Bethany Cooper,58.18822421046248,7.95950765380014
136,Kathryn Harding,61.59011054661166,4.986205661384802
137,Julie Guzman,59.93395093416654,10.771421807982627
138,Jacqueline Frey,60.5332888309059,8.149520681124727
139,Andrea Gonzales,59.18872957148316,10.987679159258152
140,Anthony Pennington,60.60147768234661,8.1373219545092
141,Julie Davis,59.91838743885305,10.774636617550884
142,Sylvia Miller,58.99531539138584,5.823204326444173
143,Shawn Graham,63.18914534276119,7.824049807996678
144,Rachel Brown,60.83194385605673,10.665237302310546
145,Bradley James,60.83686035981183,10.690212802922622
146,Lee Chavez,61.5948241256237,5.03203842336585
147,Glenda Miller,58.155494465517926,7.98474121067971
148,Daniel Price,62.03824131414606,9.04084803484747
149,Cassandra Benson,62.07466092810727,9.179673303691024
150,Victoria Lewis,59.932285924459464,10.81211767603545
151,William Jordan,62.45678883917058,6.115461422854492
152,Michael Garcia,62.621184729864126,11.445989047415253
153,Mr. David Alvarado,59.96242170531364,10.730353004291915
154,Nicholas Davis,60.52199472669906,8.130311272093016
155,Nicholas Collins,62.04995402344179,9.129966093787525
156,Stephen Graves,58.15387616259904,8.102894819679339
157,Andrea Burke,62.45307713748807,6.073737109780774
158,Sarah Garcia,60.36258978620868,5.241076320350085
159,Mallory Miller,62.44269366036156,6.051412847120338
160,Mark Charles,58.21019230061926,8.101973248290445
161,Andre Trevino,63.12633623988484,7.754426084411622
162,Derek Leon,61.64409756184525,5.0886224479984925
163,Marie Acevedo,62.60697056870733,11.255904249958018
164,Alfred Nichols,59.766946575208664,10.206210320882555
165,Donald Jones,60.57162676282065,8.135963214889669
166,Richard Sexton,63.144528054518574,7.736149080517059
167,Teresa Stewart,61.634789653893755,5.074197422749745
168,Matthew Stark,60.52475163819894,8.167748193268084
169,Andrew Smith,60.514884514264494,8.179381150612839
170,Dawn Maldonado,62.084085112030806,9.150535959488119
171,Marie Lopez,59.72535026247091,10.138986531779462
172,David Turner,62.090341413432405,7.106888906489511
173,Scott Simmons,60.60735091223172,8.160311565333217
174,Anthony Soto,59.2333423683187,10.94996485123765
175,Jenna Espinoza,61.667069987769246,5.007227618888459
176,Scott Perez,59.25610074076428,10.845875024878456
177,Katie Thompson,58.187281990886426,8.006368033975663
178,Angela Lang,61.75421809352181,9.459233675002205
179,Rita Delgado,59.02378303556202,9.961412309462032
180,Christian Anderson,62.14552461328344,7.224706660639977
181,Miss Robin Cruz MD,62.04282436928683,9.148737800432006
182,Jeffrey Guerra,59.261369665724686,11.001722395829178
183,Victor Morales,58.94642980479846,5.64184617483996
184,Tara Walker,62.04456150063035,9.089500936642182
185,Samuel Hawkins,58.92039668175783,5.7433524767202755
186,Diana Beck,58.19447434438238,8.044133371070899
187,Deanna Nixon,63.13882830625371,7.710761798213961
188,Paul Brown,58.965252526801805,5.689725564030692
189,Bryan Blair,61.62719014174438,5.113539121484526
190,Caroline Potter,59.95632242324872,10.737723615595014
191,Zachary Olsen,58.17249293934139,8.01528325872986
192,Justin Juarez,59.91909992775607,10.78736091460661
193,Mrs. Cheyenne Preston DDS,62.45369902282666,6.1580310585866425
194,Andrew Smith,59.420816657655095,5.355101692031852
195,Veronica Davis,58.168074472406985,7.939900293547196
196,Emily Hall,61.62231555179485,5.061209725277288
197,Arthur Rodriguez,60.42605840572273,5.350354125229543
198,Jeanette Brown,60.233301703444454,11.993600828038208
199,Bonnie Murphy,59.22415993685966,11.008652575781584
200,Dawn Cook,59.18639128848319,10.878810679255126
201,Megan Clark,63.12030193909917,7.808922799787169
202,Amy Ford,59.71511247623312,10.20107447818496
203,Dave Ramirez,58.210781049873134,7.936065945271971
204,Christopher Brown,63.16210864833591,7.754624259320747
205,Melanie Lopez,63.18018904913301,7.659991016141734
206,Kevin Perez,61.75193115750445,9.590527364122087
207,Charles Rose,60.352336663010355,5.304473074790728
208,Laura Pugh,59.18661621672061,10.957357459934068
209,William Bowman,59.76811284379095,10.250778130320935
210,Sharon Schultz,59.751127553791,10.198719022329218
211,Bradley Adams,62.549929176725456,11.257704248131544
212,Rebecca Thomas MD,60.82641082413674,10.632772512380198
213,Nancy Evans,62.12581995353971,7.262484531953043
214,Jeffrey Oconnor,62.657676510808535,9.568885969504247
215,Sarah Jennings,62.03415734675959,9.163018407102944
216,Don Love,59.71897412610072,10.24585156438356
217,David Ramirez,62.097281329106515,9.127719501493
218,Steven Diaz,62.1487181684813,7.1905354686439775
219,Michael Murphy,60.242249767052606,11.970840067164762
220,William Miller,61.63209215307444,5.0129207908921325
221,Debra Gray,58.15873883928721,8.065813811719918
222,Allison Stephens,63.14689323579431,7.736979149231425
223,Wendy Valdez,58.12845825064192,7.929606256291456
224,Kevin Hansen,62.58729389964586,9.558300739538772
225,Cristian Bailey,60.35198558968568,5.29745433015762
226,Melanie Hill,63.184218768613974,7.716654820237827
227,Curtis Atkins,62.623398604812,9.652888157482126
228,Angela Harris,62.45233493622945,6.166188028326161
229,Elaine Allen,62.630759020376836,9.65924579648143
230,Cynthia Campos,58.126020704787095,8.01846601299853
231,Jessica Cross,63.14038659398431,7.760306914216242
232,Brian Yu,61.59445095970626,5.124047008678372
233,Jodi Ward,59.02717675645042,10.076606582059076
234,Allison Booth,62.12454375307283,7.292688623986084
235,Sydney Blake,60.554871974791794,8.240284661312437
236,Brenda Baldwin,61.720215169415496,9.631976858209434
237,Jennifer Morgan,61.71271016823436,9.64522136246555
238,Connor Hernandez,58.16151404454806,8.055366711006005
239,Jaime Beck,59.476445268267874,5.286747113096733
240,Hannah Johnson,60.1931264194612,11.874302621572356
241,Brett Stephens,58.18218994148208,7.998658513136322
242,Matthew Walker,63.14415096588036,7.814000813237088
243,Rebecca Harris,60.527681907355664,8.212475260128935
244,Kim Brooks,59.961668263348265,10.759398781186531
245,Kimberly Gomez,59.19214677311634,11.007721262304745
246,Nathan Schmidt,59.04187095469334,9.981298291021298
247,Kelly Gomez,59.75770174983559,10.229570763476202
248,Mr. John Leon,59.71774770113323,10.19554221347306
249,Mrs. Mary Ramirez MD,60.52375790130613,8.272534734980974
250,Barry Williams,58.17002437428678,7.913925198978955
251,Alexandra Bailey,61.64103927524789,5.030912693074527
252,Ruben White,62.08140579369698,9.051397188407812
253,Megan Douglas,58.14243096217604,8.093007837926725
254,John Conner,59.91426209731665,10.743716203757938
255,Jesse Harris,60.81954490516141,10.760868202165463
256,Scott Jenkins,63.40517915871646,10.472343108594348
257,Kelly Johnston,61.73125703873106,9.489189100778496
258,Aaron Mccoy,59.218764005772286,10.855791978502728
259,Amber Strong,59.44089673230367,5.353849689312211
260,Tyler Rose,59.73772333174723,10.224844798056203
261,Alex Sanchez,63.4764774458477,10.471695757535759
262,Margaret Smith,59.08746151601339,10.037590479291593
263,Amber Richard,62.43168068276835,6.049679489891115
264,Jennifer Watson MD,62.588882492971194,9.67364070434471
265,Ellen Melton,62.637179054695736,9.710386583449923
266,Jessica Stewart,63.477222189101035,10.434775222200713
267,Scott Stevenson,62.554163186682274,11.397998313221926
268,Trevor Jones,59.20093110742736,10.941329409802078
269,Jennifer York,59.049312612156186,10.022439052970023
270,Monica Duke,60.42128850776978,5.270723720810618
271,Travis Taylor,63.427894600398595,10.357652526498963
272,Kenneth Cantrell,58.92005795390174,5.662764202526181
273,Ricky Allen,62.09960780746642,7.204206478863587
274,Marc Johnson,62.50969782904018,6.225109048591826
275,Mariah Martinez,62.08661182151966,7.201650794854823
276,Lawrence Alexander,62.039068091707705,9.110283839865572
277,Tiffany Haynes,58.163278931320136,7.9220068562121355
278,Melissa Mcdaniel,63.440849258877236,10.392049009342927
279,Jon Woods,62.12000072764182,7.120307858476441
280,Daniel Miller,58.15550557862337,7.973651206963764
281,James Stevens,58.19160806903655,8.104049810096699
282,Paula Fitzgerald,59.932793018832115,10.778191372909442
283,Miss Denise Ross MD,62.458327941008164,6.1241841001518305
284,Howard Murray,59.43764894165906,5.344750782230801
285,Jennifer Mann,60.82057932182284,10.760160633730347
286,James Hansen,62.48728624050244,6.137815759645882
287,Bradley Alexander,59.18572653901429,11.030640301085844
288,Tonya Chen DDS,58.21195662782967,7.9200092763881615
289,Jessica Anderson,58.157030441064244,7.952606863698866
290,Kelsey Anderson,59.2522018269434,10.841420723083784
291,Harry Fernandez,59.96245019244163,10.661508159573918
292,Denise Cole,62.559375731724614,11.409954062668923
293,Luke Contreras,58.94613597321612,5.795838586748559
294,Julie Hoover,61.59140750310579,5.002582708019199
295,Tamara Figueroa,59.48635906160621,5.3366476686801185
296,David Travis,60.55408941776859,8.313363652756088
297,Ms. Victoria Scott,58.13679724743207,7.982771444315684
298,James Everett,61.75438918475759,9.606205204651886
299,Stacey Robinson,58.927820117884096,5.805793371100039
300,Larry Guerrero,59.4051881745683,5.237246642768831
301,Andrea Hunter,59.183119461157936,10.924596894759159
302,Kathleen Horton,62.06296378409858,7.161631253693767
303,Cynthia Smith,60.51653684274578,8.143074893971004
304,Brian Horton,59.24804181011435,10.86313447577913
305,Kevin Brown,58.968633731789595,5.7753349618811
306,Carla Jacobs,62.64661161102974,9.70516063754087
307,Lauren Webb,63.10570495235518,7.746513773671858
308,Kathryn Hudson,62.50071445710574,6.054919721857652
309,April West,63.47897868651542,10.355060761678534
310,Lawrence Oliver,58.92834740927423,5.703073589504113
311,Jermaine Mccoy,61.782630960561924,9.593618348992146
312,Kimberly Diaz,58.129614098908206,8.034463672646806
313,Corey Mccoy,62.59855890583122,11.325697856698346
314,Eric Davenport,62.44408561962971,6.097160858324008
315,Joseph Chandler,59.90239002372756,10.799354493332444
316,Katrina Williams,60.771955212801814,10.753153457543299
317,Catherine Taylor,58.147705160309336,7.9830237240994535
318,Roger Robbins,62.62412759691074,11.269427467681172
319,Sherri Williams,61.74569411712319,9.63111147591772
320,Jessica Morgan,62.630530865597926,9.610992291167086
321,Ronnie Smith,59.21809815316339,10.849189598103681
322,Mr. Mark Wright DDS,60.74768623491845,10.764727024123172
323,David Gray,61.65055014229713,4.955866574279802
324,Rachel Davenport,62.09441895480522,7.157797703641356
325,Anthony Martinez,61.59697164166971,5.021750974158278
326,Amanda Walton,59.25599197069767,10.993706944373358
327,Ronald Campbell,58.152601401913486,7.954757892692774
328,Andrew Lindsey,62.14227442445948,7.160988879872879
329,Gregory White,63.13917606953149,7.755206780157726
330,Gabriel Davis,62.586708486799914,9.634959300534387
331,Charles Golden,58.92072849154979,5.823096501532609
332,Robert Wilkinson,58.125812659777196,7.95602854272474
333,Mia Mclaughlin,60.77198110976504,10.753669965867791
334,Brian Blackwell,63.12553304130843,7.697758858478809
335,David Williams,60.36041193320363,5.374945643124261
336,Shannon Martin,58.92643603490709,5.665525403670556
337,Frederick Taylor,58.193946875759494,7.954377417036674
338,Brooke Woods,61.663692875675565,5.004241574279869
339,Ann Valentine,59.8788498951809,10.70763856110403
340,Carol Nichols,60.839391527025185,10.621079398587227
341,Chase Martinez,62.595893704704814,9.617434749401706
342,Jennifer Bryant,61.58255103755966,5.119417087656013
343,Mr. Christian Thomas,59.883902967250535,10.773635699152264
344,Peter Johnson,58.186650246729535,8.06549282779857
345,Rachel Harmon,59.037458596247916,10.123693959020544
346,Breanna Hernandez,59.942570834963384,10.693221330479192
347,Sherry Vazquez,59.87202452700482,10.708197665423913
348,Sean Combs,61.72016849261262,9.50745412781238
349,Susan Hodge,60.25838049249666,12.029017460585308
350,Linda Wilson,60.19657413410797,11.883441598177708
351,Brooke Wilson,62.62461417378293,11.356475093699194
352,Robert Curry,61.650398635688354,4.9729705611936
353,Douglas Taylor,59.177686502047244,10.898853937483032
354,Heather Brown,59.07723430926387,10.092461636383907
355,Jake Thompson,61.74895695240926,9.647613619176301
356,Laura Garcia,60.60295368999857,8.163487480841809
357,Angela Gamble,60.246265874820374,11.951127793301824
358,Lauren Beltran,62.05064511432174,9.111454873844538
359,Ricky Jones,59.22664217149697,10.843239151060866
360,Luis Silva,62.601669676427115,9.68651969247299
361,Lisa Kramer,59.18380988780226,10.925728650925866
362,Jason Koch,63.18527217166316,7.736701192111066
363,Manuel Sanchez,58.15287205934391,8.096085899492074
364,Brandon Mendoza,59.40714734424532,5.355613020329726
365,Ruth Leonard,62.568112267257796,11.394534606249291
366,Abigail Stanley,61.64902829902591,5.115275053624091
367,Jesse Reyes,62.44376155760547,6.147459834473255
368,Theodore Stephenson,62.6049751480881,11.278148999585962
369,Anthony Rose,61.620181259270026,4.952741047891728
370,Emily Williams,60.58427467999661,8.14993659992026
371,Nathaniel Mccoy,59.01088931973342,10.046692677231086
372,Stacey Hoffman,59.48717310372217,5.210770031521469
373,Brittany Page,63.109336073017595,7.6405799407198804
374,Christine Morales,63.12558867981745,7.651443055425988
375,Cynthia Ruiz,63.42920088195394,10.312657198468756
376,Charles Garrett,60.40587516695605,5.3591728735642095
377,Sydney Ward,59.91094577356893,10.674338644238066
378,Mackenzie Jones,62.59651817452091,9.688189180861318
379,Michael Bell,62.46438376339352,6.147944016401246
380,Timothy May,62.50120119117524,6.071727543887177
381,Antonio Long,59.749716430632496,10.195018185287406
382,Nancy Cooley,58.926477979207824,5.707838613373051
383,Brittany Hernandez,60.34654188040063,5.3246501564889
384,Jessica Mejia,59.00973565841821,10.081474721565776
385,Samantha Hunter,58.96141186883846,5.702703789560491
386,Latasha Campbell,59.009380715447215,5.750893028179767
387,Phillip Holmes,60.84335680468953,10.654518857069029
388,Donald White,59.468785094273976,5.349929555754744
389,Patricia Reyes,61.59569818293688,5.028803864701374
390,Allison Randall,59.92054983645244,10.722821213911077
391,Frank Robbins,62.55058629234188,11.335549163165773
392,Alicia Bruce,59.01595700816445,5.754248042661506
393,Frank Stevens,61.73813060536174,9.534962622677561
394,Charles Nelson,63.405079657800556,10.408834079788596
395,Daniel Jones,58.203925370216034,8.021434755009016
396,Brian Adams,60.53899586183488,8.204811839002108
397,Christopher Wise,61.79321382549559,9.640258810647783
398,Susan Love,61.77660209981743,9.58425903488934
399,Kristi Webb,60.26631158368111,11.886699646891184
400,Colton Velasquez,59.00571681641999,5.81857537144472
401,Daniel Martinez,59.25667901667357,10.872418721318358
402,Troy Mcpherson,59.877282552436355,10.669055568229322
403,Brandon Gonzalez,61.628810389253495,5.097911984287705
404,Randall Merritt,59.017578789100995,9.986193817798604
405,Lisa Woodward,60.770217564433,10.633018032395164
406,Laura Good,59.262472649073864,10.941914580380468
407,Bonnie Jackson,59.74143674310531,10.302840727462083
408,Mr. Timothy Ramos,62.61850378605551,9.641130271112594
409,Alexis Hatfield,58.99562625407077,5.815097362125615
410,Lori Jones,59.428493535869194,5.327451664401735
411,Steven Carroll,59.00685336539627,5.7182483168452976
412,Mindy Garcia,62.46663904412896,6.116139390023775
413,Darrell Clark,61.703155622847596,9.51672745645657
414,Richard Mckay,59.22294671238705,10.958112023393824
415,Brenda Mason,61.761979848297734,9.505644330899926
416,Christopher Shaw,62.078637238189934,7.264477314045035
417,Charles Nichols,61.75041455131282,9.577154613771638
418,Kevin Peterson,59.744223194248306,10.239052330813204
419,Matthew Stone,59.448603162298255,5.239157200320571
420,Nicholas Trevino,63.4405100506236,10.328899297984231
421,Wesley Wise,62.49276442133534,6.117430372880416
422,Rachel Sanchez,59.77969190874012,10.198105865447106
423,Karina Martinez,62.05636486944013,9.114678105411175
424,Angela Johnson,58.13474688922823,7.913945437252896
425,James Martin,60.39764395238778,5.2802360989664825
426,Elizabeth Wilkinson,58.19247369560992,7.945157877116663
427,John Robbins,62.666709027432766,9.673833803071844
428,Brian Ferguson,62.101663452139114,7.207588317301395
429,Ebony Fox,62.62326980757912,11.276045111172397
430,Sharon Black,61.74325677538991,9.622110591711412
431,Michelle Holden,60.39250703673957,5.361747375816942
432,Stacy Dorsey,58.17581294155536,8.076622909056733
433,Jason Olson,59.4583940961533,5.208442306233274
434,Teresa Guzman,60.22480783287124,11.949704118671063
435,Debra Welch,59.00099297811247,5.7282844829475605
436,Pamela Williams,60.75780568316349,10.69619737713589
437,Christopher Friedman,59.077560098193636,9.963593876442621
438,Antonio Crosby,60.414718046006975,5.376646095267544
439,John Smith,62.132331049777804,7.284815988827418
440,Joseph Myers,58.96606001093131,5.6519941157771125
441,Margaret Cunningham,60.38017768449838,5.403568345367477
442,Amanda Santiago,59.86507655670924,10.701729378241742
443,Jesse Price,62.62921674944771,11.448211683520928
444,Denise Moody,59.73557914181646,10.174402690892332
445,Melissa Miller,59.90907674761926,10.725492004573185
446,Stephanie Carter,62.50155822934314,6.075359350794712
447,Vickie Smith,59.94789154972659,10.76286432505468
448,Richard Parker,60.79019948557124,10.788054865481456
449,Robert Hernandez,59.49651268983408,5.333959374029738
450,Cody Mason,62.13237781502622,7.200816117561535
451,Jason Brewer,58.931159903976656,5.659459347444152
452,Joseph Cummings,60.81266907665364,10.710099337949124
453,Alex Hays,60.223566703448796,12.004641281259705
454,Peggy Hunter,62.07699736018016,9.22081644079592
455,Francisco Velez,62.559749889770266,11.411321682705184
456,Antonio Edwards,59.004407282270165,5.665293190280413
457,Amy Fox,61.674140339709375,4.962460910252167
458,Nancy Campbell,62.482337805647916,6.064799312599279
459,Theresa Beck,63.46213566133574,10.444301087977678
460,Lynn Cooper,63.46307648606742,10.473447472916751
461,Trevor Hoffman,59.70283193407118,10.297186117276672
462,Amber Evans,62.64154278061854,9.660348356692342
463,Joseph Kelly,59.77366856249399,10.255151133652332
464,Natasha Miller,58.97115709135825,5.647546606712186
465,Hannah Ball,60.36685768545398,5.250252379062819
466,Andrew Burke,59.410135976688224,5.323062411600307
467,Amanda Hernandez,60.20589503547363,11.881304192168294
468,Hannah Miller,58.12024793292952,7.90931598552134
469,Donald Conley,59.204998692693366,10.911040408266729
470,Jesus Evans,59.926953098378306,10.849354995673398
471,Stephen Wilson,62.443082289932356,6.063668535351274
472,Stephen Griffin,60.405482353348035,5.3999041331447275
473,Marcus Hull,59.74250824972714,10.290985439303805
474,Lauren Thompson,60.28299967452437,11.963561021892952
475,Thomas White,60.558254105051695,8.252562029414628
476,Stephen Hall,59.19367179895208,10.858154470881566
477,Joseph Jackson,63.172206199974596,7.7221368726532935
478,Anthony Swanson,59.935887827094064,10.780575547931363
479,Brandy Walker,63.426905870278084,10.46539598997826
480,Casey Campbell,61.59294986736319,5.024226765044695
481,Alex Martinez,59.49813069828107,5.2214885893786755
482,Garrett Moore,62.55830709599647,11.447226428535226
483,Albert Shields,60.75387368690745,10.70843716490206
484,Joseph Jenkins,59.451901695252005,5.375539965336772
485,James Chavez,63.19184459409546,7.664703567888487
486,Matthew Smith,62.03621624471313,9.155369257817403
487,Monica Frank,62.50545637560976,6.1570166896258325
488,Julie Thomas,62.08462040928914,9.079030139395869
489,Zachary Johnson,59.78006190853339,10.268314241414311
490,Crystal Harrell,60.43843067101062,5.3981576378582705
491,Gary Walker,61.62357209093838,4.978249167993167
492,Christopher Arnold,62.46847618577506,6.131280826254344
493,Amy Cox,62.06846074093432,7.135601912167195
494,Jared Johnson,61.73218635458347,9.593025250369122
495,Bryan Daniel,61.57870536943824,4.996841845754423
496,Jason Banks,59.92025919505103,10.82769744537425
497,Michael Cooke,60.59641983205412,8.161759933692036
498,Denise Fisher,59.44780585075513,5.2381873729810104
499,James Johnson,63.3878914744943,10.403595287785505
500,Michael Richardson,59.26573864875267,10.874388664175894
501,David Mcknight,59.887500861424606,10.831547062617101
502,Michael Davidson,62.09539731304868,7.222830005702095
503,Austin Olson,63.3988078196,10.341685185139696
504,Tracy King,60.8029555098834,10.730868508936933
505,Christopher Barton,58.19618302991477,7.931983656863398
506,John Kim,61.65273757049156,5.091532668146424
507,Michael Macias,58.197362195130616,8.04325586461874
508,Carla Mendoza,62.52005006579646,6.101192749892299
509,Allison Oconnor,61.70550247869996,9.573956389302424
510,Ashley Flowers,58.18757718862546,7.999280562066396
511,Laura Harper,60.26291525974357,12.02923682885544
512,Shelby Mckinney,62.59699436128316,11.390314171749933
513,Robert Arellano,62.09652040539029,7.240866234570616
514,Alice Woods,59.21413991226896,11.03306952248724
515,Sylvia Parker,58.95013562799915,5.802275137157631
516,William Cisneros,61.70824507107727,9.504051087236457
517,Kimberly Alvarez,58.99588633449716,5.799712167453134
518,James Williams,62.54493118657865,11.40834232839302
519,Donald Trujillo,63.45168732792358,10.436337174241007
520,Jessica Collins,59.709547449380004,10.1310670604546
521,Kimberly Martin,59.698042933614936,10.262614788842898
522,Andrea Cochran,62.574570334292304,11.318520711173079
523,Scott Smith,59.88287503197649,10.75341059888991
524,Jennifer Matthews,60.810999050737195,10.725984448985033
525,Rebekah Mccoy,61.751189977185184,9.593409487863658
526,Michael Burke,60.27790713115705,11.91352554517654
527,Amanda Cruz,62.512549250348584,6.14150863938617
528,Jennifer Cruz,59.43235131368298,5.320991122245119
529,Autumn Bird,62.49535464939331,6.041872401929629
530,Daniel Evans,59.24749488900599,11.00473867928694
531,Ronald Anderson,62.07928237002822,7.234282850610012
532,Kenneth Torres,61.57941630986054,5.023386335269681
533,Jake Raymond,60.36126061627484,5.378062376993051
534,Brittany Martin DDS,59.08646011174102,9.989374193391347
535,Matthew Johnson,62.48395479153939,6.206043060592326
536,Eric Greene,60.23899749801184,12.030261868636071
537,Monica Rogers,63.17527859098416,7.825648254804822
538,Rebecca Krause,60.24859859440859,11.978762591357164
539,Megan Gray,60.358660063273526,5.363488312069351
540,Tyler Haley,58.99635456003591,5.741971984731197
541,Michael Richardson,61.59361714030665,4.974416092510488
542,Ashley Romero,58.148568819721554,7.937765281487204
543,Jordan Harvey,58.98774713763045,5.646292018702327
544,Melissa Young,58.15260638618963,8.049313494385284
545,Elizabeth Bates,61.60513630991584,4.9706247643341985
546,Kirk Davis,59.74799366414375,10.290962515122786
547,Samuel Decker,62.10718530581432,9.087114771468432
548,Lauren King,63.17548859800916,7.670399229331889
549,James Campbell,59.07398908531019,10.118476437886047
550,Michael Harris,61.77331939018573,9.547439198301802
551,Nicholas Bush,58.94966263572495,5.638730939861785
552,Katie Perez,63.16494193978029,7.807194180590284
553,Diane Bennett,62.656975237384984,9.643109338474803
554,Lisa Shaffer,59.743478212036045,10.172873399236764
555,Amy Gilbert,62.05225374408656,9.054896975376021
556,Christopher Allen,60.831349830549186,10.737453760982484
557,Rachel Moyer,62.485822058919204,6.17985987008854
558,Julia Fitzgerald,63.17422190217134,7.8279408475778265
559,Jordan Gilmore DDS,60.258577918483134,11.978601848215387
560,Anthony Ellis,60.359262423623626,5.398966359056208
561,Craig Whitaker,62.11852746200228,7.186101919409931
562,Michelle Herrera,59.447376335734766,5.397959318780472
563,William Adams,63.17260346774873,7.814859545334559
564,Samuel Little,62.43738350638569,6.072032186004201
565,Sierra Fleming,58.152883218022794,8.016499023909189
566,Nathan Flores,63.45979454622168,10.296402731090797
567,Crystal Green,58.210377975046946,8.065363693560299
568,Samuel Shepherd,59.41689724305899,5.2440738210345
569,Patricia Morales,61.63653878325937,4.981881319955275
570,Bradley Singh PhD,62.58529114184685,11.425557139408706
571,Jennifer Mccoy,62.07604484375575,7.182150492136749
572,Christopher Bishop,63.4023773217619,10.369257376837139
573,Justin Gomez,61.70294076600476,9.520951991034135
574,Cory Bender,62.11790459225883,7.250064530623686
575,Allen Clayton,59.188036703844446,10.987525703996614
576,Craig Parsons,63.38842271190628,10.437517261237945
577,Austin Mitchell,63.47751868536789,10.44508091794718
578,Robin Cook MD,60.80800931202968,10.713227228491462
579,Isaiah Wilson,60.582541864997395,8.14343089783439
580,Michael Wells,59.24035941685162,11.031281683640787
581,James Barrera,59.770444241029836,10.250100785798166
582,Mrs. Karen Bailey,60.84263382646506,10.750500221382202
583,Deborah Bradshaw,62.05062657349769,9.22737952999248
584,Juan Weaver,60.2068716482616,11.999521563324826
585,Peggy Stanton,61.6325841382471,4.984320993194211
586,Tanner Larson,62.126492755558246,7.205083192762144
587,Angela Hunt,63.43766709714143,10.350418498809491
588,Bryan Rios,59.94270200091828,10.805985729847219
589,Zachary James,60.20561115847156,11.943000060756107
590,Nicole Brewer,60.60465612718449,8.267344189627238
591,Diane Jackson,62.06574232305212,7.150707898934243
592,Johnny Wright,59.46807958408593,5.288751504763039
593,Nicholas Dodson,62.115054595350834,9.173098200513632
594,Jeff Marsh,61.59486138768804,4.958991575451807
595,Kristen Maldonado,58.19390316047463,8.040282231010998
596,Michael Carey,59.172790264752784,11.004136697345576
597,Erik Woodard,63.120049394698725,7.7261924936605135
598,Gina Barrett,60.34805798966138,5.35102631185704
599,Benjamin Holmes,59.75671946563977,10.284542074427302
600,Stephanie Miller,62.036337563398924,9.083339670164758
601,Sarah Ramirez,61.77170218560869,9.456187205023543
602,Robert Stevenson,59.87229746057009,10.761274982841421
603,Lisa Miller,62.56051884678362,11.346118610745652
604,Daniel Vang,59.2059067697558,10.872980203193507
605,Tammy Robinson,59.26462739607551,10.900833027210544
606,Austin Schneider,63.451146213645565,10.317476451229858
607,Justin Moore,59.43071384974533,5.20293828587301
608,Francisco Hawkins,63.42937220348499,10.42550520969808
609,David Moore PhD,59.69809453609872,10.180161172450912
610,Jim Reyes PhD,58.98237481527907,5.80557563898388
611,Harry Warner,59.24360949928126,10.858613340012903
612,Micheal Cox,59.18194939844013,11.032086837217726
613,Gerald Black,62.42866359161535,6.226840000266381
614,Faith Patton,59.70013815912849,10.160740318125603
615,Heather Willis,62.478597448115345,6.031930406034051
616,Paige Patton,60.3922716993032,5.293955164503647
617,Alan Reynolds,62.628613278740424,11.388103033479121
618,Grant Gregory,59.45566013631038,5.304949412373189
619,Amanda Anderson,59.93995044888043,10.688018934380285
620,Brittany Leonard,58.98647022246707,5.809040141634972
621,Morgan Shannon,60.834147089688415,10.610052495364553
622,Mr. Michael Hurley,60.41103039763921,5.360540056791917
623,Judy Anderson,60.22367980074324,12.03306936131431
624,Louis Ramirez,63.445621775667256,10.417721151240379
625,Judith Reed,62.055192442589174,7.170705084715278
626,Samuel Bradley,61.58058666425773,4.996618116285388
627,Adrian Ross,62.58065252351989,11.269852134039384
628,Charles Lucas,62.43382513950164,6.197764233295732
629,Carlos Salazar,59.70649829896353,10.2562746062746
630,Patricia Robles,62.523137422121636,6.190101521636919
631,Matthew Wright,62.43712410057215,6.204482841951816
632,Kayla Brown,59.18065132131858,10.889211906753232
633,Logan French,60.84068839192217,10.774488769779254
634,Stephen Humphrey,60.426970899928925,5.376651685066415
635,Briana Hayes,59.48269635612424,5.214414341767989
636,Zachary Johnson,61.78202054893429,9.49545096845823
637,Andrew Rivera,58.12734264664462,7.968585766672521
638,William Ramirez,63.42084013291689,10.307667943259458
639,Philip Martinez,59.958612050638266,10.810369389228176
640,Patrick Lee,59.927875316090045,10.846372124646031
641,Timothy Johnson,63.384972406811976,10.397469147335677
642,Brett Walker,60.7955712140221,10.703017597634013
643,Jerry Fields,62.09602685383741,7.287497959185248
644,Brianna Porter,58.97972019944056,5.709960930011382
645,Max Rivera,60.79950715135009,10.645340955970477
646,Michael Lopez,63.17955536883779,7.758887589840206
647,Beth Oneal,62.10725511878424,9.098838099644533
648,Stephen Henderson,60.55214269331793,8.143071467897268
649,Anthony Green,62.638944527291905,11.290077632701003
650,Christopher Lozano,58.20677482245341,8.097434909297597
651,Theresa Jones,61.674027326362705,4.995089963699931
652,Kim Nguyen,58.97300693928171,5.744090093508652
653,Jordan May,60.78820308083143,10.62147591772738
654,Thomas Goodman,59.87646299831729,10.681806906525686
655,Kevin Brewer,59.49105430265428,5.2434877053517335
656,James Jackson,58.1573019157392,7.947189048403169
657,Stephen Byrd,60.38100972720967,5.205675730000076
658,Ana Smith,61.64242946437161,5.056964204844378
659,Olivia Smith,62.54771048567285,11.277082284961331
660,Gary Hart,63.13671008273377,7.737300149586304
661,Christopher Wilson,61.71673501680305,9.547408633306297
662,Elizabeth Jordan,62.64976816481158,9.60400940938129
663,Jose Perkins,62.488534296594885,6.1811616037162365
664,Larry Farmer,63.42497581600568,10.324582178059414
665,David Evans,60.55363384616337,8.152766576554884
666,Howard Chen,60.19852478279824,12.037507434833111
667,Kyle Gonzalez,59.46919689600797,5.37043959567189
668,John Gomez,62.5796192499818,9.564601932159464
669,Jonathan Berger,62.147364967200176,7.122749563821564
670,Joseph Kidd,59.01250158102634,10.01345231042618
671,Mary Cherry,59.7133729714738,10.165511098285592
672,Amber Clark,62.08896387474723,7.266387327364173
673,Roy Ellis,60.84431079325461,10.762694146176527
674,Joshua Page,59.178493871264294,10.898564423573585
675,Franklin Perry,62.63926517553664,11.267298376302953
676,Susan Hall,62.598445288839926,11.342800707343628
677,Richard Gallagher,59.17498929737606,10.977379921589847
678,Debra Manning,62.59663597564335,9.525064543928982
679,Kimberly Stein,62.44721237085109,6.184465485610424
680,Elizabeth Gibson,59.42658465008074,5.209148129222919
681,Daniel Powell,62.05567266337233,9.16502267767061
682,Jennifer Perez,58.99462355079351,5.7504092183981586
683,Cody Galloway,58.99285415449673,5.784359684236408
684,Erin Rodriguez,62.65811987247554,9.69132885835159
685,Stephanie Garner,62.48701792788239,6.052986671072239
686,Melissa Miles,60.81847541076799,10.610099802896782
687,Christina Barber,60.52435698402584,8.270410345172209
688,Kelly Robinson,62.59500130393611,9.700328653139158
689,Jesse Carpenter,62.61698275717536,11.28241222462752
690,Amy Martinez,60.77564138631874,10.70973615235358
691,Jessica Montgomery,59.70696957346385,10.27304887271811
692,Randy Harris,58.1501310888123,7.950557667096136
693,Jerry Nguyen,58.197964257817745,8.066711461339532
694,Ronald Delgado,60.37325376117204,5.31032701010596
695,Robin Rocha,61.58822410424147,4.965516408213319
696,James Thompson,60.248157864873185,12.021150157007142
697,Ryan Reed,62.13913413730538,7.259197388696459
698,Alec Smith,59.0105403063499,9.96564902142801
699,Bryan Morgan,58.93567982356919,5.638391987028251
700,Nathan Mckee,60.19249297771615,11.902513618636014
701,Anthony Kramer,60.261298931635594,12.0366924543003
702,Angel Burns,63.468433369475754,10.3559651914564
703,Brianna Clark,59.74829094110994,10.134294199981138
704,Lydia Savage,59.9557598410689,10.752533135374822
705,Kenneth Meyers,62.095822515233024,9.178039884971847
706,Virginia Conway,62.46110483713838,6.155474000232174
707,Daniel Douglas,61.661366624694196,4.999789946285845
708,Charles Martinez,63.424317574271136,10.335805610105067
709,Miguel Stark,62.09579663716825,9.180404259832304
710,Stephanie Brown,62.06729778598508,9.096810782852982
711,Mary Howard,59.40263108348455,5.328557171248501
712,Matthew Burnett,62.12427813774717,7.111120026410533
713,Robert Obrien,62.5934248127092,9.5218717664967
714,Caleb Martinez,60.56910944792664,8.154044488298071
715,Stacy Mosley,62.591913422689665,11.287057008091656
716,Terry Cooper,60.818131378305985,10.697050839295716
717,Loretta Graves,58.92332007101681,5.779128465739289
718,Kathy Rogers,62.660047281099736,9.592317721988206
719,Johnny Crawford,61.664101157559834,4.998144707619717
720,Martin Phillips,60.591393856616996,8.179472847893772
721,Rhonda Mcpherson MD,62.115135315184624,7.264086739865943
722,Matthew Walker,62.505517662844284,6.067621638828204
723,Joseph Garcia DVM,58.12011935126236,8.099792148778139
724,Connie Jones,62.62500369903438,11.26974551267713
725,Beth Wilson,59.756883726159714,10.161566977612761
726,Todd Hoffman,59.47985834489042,5.302447936650706
727,Larry Lynch,59.032105958257475,9.9691923953945
728,David Rogers,59.878558939642936,10.755384248083999
729,Glenn Hernandez,61.75124159368566,9.457462793147139
730,Sally Avila,63.12789773530527,7.778854671880754
731,Donna Whitney,58.97425553329436,5.641872301146373
732,Jennifer Williams,58.11792701054577,7.913071866363718
733,Brian Smith,60.270842351399914,11.931896307390868
734,Nancy Gill,59.20712899739531,10.888162373214051
735,Donald Sullivan,61.762847167096886,9.5206617220185
736,Nicole Reyes,62.08173672284079,9.070250950452087
737,Kelly Hayes,60.36425451446916,5.396385577213577
738,Morgan Williams,62.09423487234472,9.17758281543901
739,Walter Garcia,62.575711239964456,11.388097928053181
740,Travis Sawyer,59.69243962886757,10.275369613537864
741,Corey Matthews,60.831467469529215,10.607173240178032
742,Vanessa Martinez,62.61865098053499,9.564309230002284
743,Alexandra Mccormick,59.87188612414501,10.713276599681873
744,Jeffrey Turner,59.41458046899817,5.3090387994998895
745,Mandy Williams,60.51777601013923,8.133512778365407
746,Margaret Alexander,59.010115075284,5.67441845671142
747,Sarah Jordan,63.151981201056934,7.776761668693577
748,Jeffrey Johnson,59.01946288706243,5.640726477610512
749,Tammy Santiago,63.14676900937032,7.813331797306071
750,Tracy Francis,59.91620193464913,10.80086613453374
751,Mary Hamilton,61.78365159557235,9.521628083645295
752,Connie Burns,61.751305188721474,9.586066842548462
753,Anthony Mcdonald,60.77043213344926,10.769916838085763
754,Kimberly Perez,58.951902122023576,5.707139244179974
755,Cody Weiss,60.56526850965922,8.297350444359823
756,Kaitlyn Stewart,59.444359673569295,5.289819244702202
757,Donna Andersen,59.072628310179695,10.123815498566522
758,Daniel Bryant,62.07579923895536,7.214698547597616
759,Theodore Valdez,62.62873409323941,9.589571741587564
760,Cody Wheeler,59.89956353321833,10.805536348219627
761,Joseph Schmidt,59.449383769428614,5.300484140083246
762,Brandy Brady,63.13312342267118,7.761091836227589
763,Erica Fernandez,59.781924301245866,10.22296100433801
764,Linda Butler,63.13774813285171,7.788552690059721
765,Michelle Mccann,60.38885947131681,5.3031638895723505
766,Jeffrey Huffman,60.82618394176047,10.651666500982575
767,Roger Warner,59.490204852659886,5.261379606312231
768,Jason White,60.24305986459464,11.919714499684904
769,Jared Alexander,59.05412977802213,10.01989077033224
770,Mr. Raymond Quinn,60.813072949263706,10.727797259606902
771,Michael Jones,59.481579448467194,5.301608852697753
772,Tim Mathis,60.22816518054717,11.986223954461368
773,Robert Webb,60.57657098749735,8.229471256424395
774,Amy Thomas,60.191625473930614,11.951717872352061
775,Robin Gallagher,62.64124915825948,11.320407807857757
776,Eric Moore,60.42913599619688,5.331604852072722
777,Jocelyn Scott,59.730058805285914,10.120998606593144
778,Sarah Bell,62.49606716664881,6.2084140031370145
779,John Bradley,62.4719544693999,6.041433018064766
780,Rhonda Hayes,60.37424082194794,5.249852133388202
781,Morgan Barajas,59.17590692421014,10.921242894858185
782,Ronald Griffin,62.07702078094959,9.10906676860791
783,Elizabeth Jones,62.11683419415162,9.186175614670054
784,Jordan Hale,59.45793681210727,5.374636620441566
785,Joann Moore,58.146947143266075,8.025396131299804
786,Gregory Higgins,60.22281496008863,12.01984385247974
787,Becky Green,59.74912952856525,10.306081201381135
788,Robert Bell,59.790061058479765,10.167324379225485
789,Joshua Mann,60.59036138084194,8.209425514785616
790,Mikayla Fuentes,59.01498966865529,5.681013578700185
791,Andrea Williams,62.0576512831968,7.196004661960632
792,Michael Cook,63.12759847758077,7.777670718374345
793,Phillip Gilbert,58.122353938928036,7.975986850469526
794,Lisa Perkins,63.176092389028994,7.695377090675664
795,Paul Ferrell,58.133451669425625,8.091664919216978
796,Sharon Young,60.84344864338389,10.727802481732509
797,Michael Burke,63.44989583225071,10.484575593730689
798,Abigail Johnson,60.203514783885666,12.013408856653209
799,Austin Jordan,62.55633650302563,11.372141227619405
800,Christopher Evans,60.80237218118065,10.662235614396387
801,Elizabeth Gay,62.09321167628702,9.114144968551653
802,William Meyer MD,62.46474808462897,6.130280314380748
803,Andrea Edwards,62.60498895141446,11.365098954028024
804,Alicia Davies,62.519148666002906,6.171592661541969
805,Sheri Griffin,60.52374404733471,8.298903769667564
806,Michael Reeves,59.79133370657126,10.25458368381849
807,Natalie Lewis,63.39133046369821,10.462348546174617
808,Ashley Graves,61.71911795762414,9.630001479221763
809,Mary Espinoza,59.044619411221014,10.123017794961932
810,Paige Simmons,62.469513612558565,6.22609440184074
811,Angel Parrish,60.58433043307174,8.152936013473415
812,Kaitlyn Hartman,62.60057482698117,11.307622411582464
813,Andrew Daugherty,60.602218233409566,8.129582378088811
814,Samantha Fox,60.59940455906859,8.25805105806097
815,Jonathan Boyd,59.10355204487065,10.055324647628847
816,Tina Scott,60.42360069283584,5.378407206782754
817,Clayton Roberts,59.204067605559274,10.968108172901626
818,Dale Shelton,60.19040677491361,11.874085242672539
819,Jennifer Rogers,62.626906176342665,11.390163334333035
820,Richard Velazquez,60.39012133240025,5.248250373166583
821,Jeremy Joyce,59.90664528868069,10.733480356736788
822,Virginia Wilson,60.78262349196119,10.705918651725966
823,Lauren Hebert,58.133898268917896,7.92161739712214
824,William Cochran,58.20663386028405,7.93677811446215
825,Louis Miller,62.064416296844676,9.159266980968498
826,Jeremiah Hurley,62.608405282242856,9.60431846694694
827,Chase May,61.75335657317064,9.48129090795635
828,Katherine Harrison,62.49991484154319,6.0564691119874325
829,Samantha Miller,63.38319308918484,10.41593978009891
830,Melinda Potts,61.72297133393594,9.49726054950637
831,Gina Doyle,63.45734773396974,10.336842344003689
832,Cheryl Harris,62.0722208663173,7.282207905768982
833,Rebecca Anderson,61.64261264047856,5.086224076007291
834,Wayne House,58.93186851574853,5.830787151192831
835,Joseph Smith,61.645012155613855,4.942528695272281
836,Kathleen Boyd MD,62.57784421161535,11.430625024067082
837,Ernest Stewart,59.21709409567907,10.88960704056755
838,Maria Hartman,61.59072998921997,5.03296933343269
839,Colton Long,62.04014565794488,9.121672839441047
840,David Schultz,60.59509594929166,8.274089356265623
841,Connie Green,62.038968345419676,9.20796339918585
842,James Williams,59.71179042828784,10.234395935737652
843,Kayla Johnson,60.82121712830363,10.746527871627837
844,Craig Hensley,59.418401120098444,5.392111592665606
845,Amanda Bailey,60.22954460670675,11.935518120997807
846,Linda Spencer,60.38048407054636,5.363142162401854
847,Calvin Thompson,60.38036689397459,5.32636054571065
848,David Bond,63.124251664329094,7.732621043246312
849,Matthew Strickland,60.755235721807196,10.693734354738128
850,Allison Gomez,60.77425626535969,10.78671352451521
851,Matthew Parsons,59.93717714071391,10.805649654135273
852,Mark Perez,61.67075424842672,4.971293920056926
853,Jason Delgado,62.07315866706406,7.208460538455344
854,Brian Cooke MD,63.19489775575412,7.790149654027514
855,Tiffany Roach,62.62408843613371,11.272844981747658
856,Crystal Robbins,62.59931185125934,11.42108509845328
857,Peter Graham,59.01489612147157,10.057775547270726
858,Cassandra Knight,62.572980425341456,11.42985685959275
859,Dennis Smith,58.97632722527516,5.791763539503654
860,Haley Price,58.20711744160821,7.967586763683002
861,Rebecca Brown,61.66959810402864,5.124989523594413
862,Debra Diaz,61.76378076877383,9.478302419497055
863,Edward George,59.4607439166021,5.213829039698982
864,Kenneth Perez,61.788181805176926,9.461162674566463
865,Alexis Wilson,60.42050089377179,5.401878787748727
866,Teresa Chang,58.1846809800315,7.993795679657841
867,Jeremy Robinson,61.63177940475317,5.093644479369688
868,Scott Johnson,62.43974346492405,6.057524101647462
869,Javier Williams,58.2080115278605,8.097508151022753
870,Amanda Hicks,59.72936380429771,10.30572871750871
871,Elizabeth Jackson,61.617056390848994,5.005399039663505
872,Jennifer Sanchez,58.16618971819394,8.035243084327853
873,Susan Martin,62.63674162014138,9.667741685477193
874,Anna Ochoa,61.63396024237347,4.944993326467346
875,Jeremy Mckenzie,62.098888245377054,9.14490716033405
876,Jose Bautista,59.255716657124296,10.897519428491423
877,Lindsey Olson,60.76273524525084,10.694731695256117
878,Phillip Jimenez,60.41793157976851,5.3848480657456665
879,Ariel Randall,62.632919454438216,11.380927649842441
880,Timothy Smith,60.191055731097585,11.96342749498623
881,Amanda Fisher,59.759534620414925,10.167175693112034
882,Rebecca Watson,60.250226992203174,11.915824734128988
883,Tyler Mcgee,59.79101003425974,10.299078482642061
884,Francisco Sheppard,59.74167302573336,10.178212683881853
885,Alicia Michael,62.131369788533995,7.1516198191401354
886,Ralph Boyle,59.437864052903706,5.334719308313013
887,Kaylee Bonilla,62.62343242171672,9.528969518940762
888,John Boyle,59.718147276991104,10.266902315313766
889,Stephen Moore,59.4680264236921,5.22156325252002
890,Gregory Baker,59.09785450383061,10.092943273779131
891,David Malone,59.06560731185545,10.085359704788273
892,Tim Kim,62.0485390838607,9.113518976788713
893,Casey Krueger,60.239284313885996,11.914976818167322
894,Stephanie Wolfe,60.18977372292633,11.894302486198953
895,Jack Rivera,60.8017394216331,10.77123876389101
896,Diane Payne,62.106712276618794,9.149267739447227
897,Brian Cantu,63.10711656040536,7.787750961122832
898,Catherine Aguilar,58.119677811776064,8.040013255633417
899,Ryan Cox,62.594582841669535,11.353004890928217
900,Cassandra Gonzalez,62.58478819495963,11.349646218596167
901,William Graham,62.62437532436524,9.63622170948763
902,Lauren Villegas,60.58431417249312,8.26133886567987
903,Ruben Waters,63.11961236637711,7.714630035417533
904,John Martinez,62.09088642418756,9.20649325999429
905,Deanna Cooper,62.135531255421775,7.175111999524083
906,Joshua Crawford,63.1364835161832,7.75358476886375
907,Katrina Farley,59.19895249063551,10.878738066992858
908,Jennifer Miller,60.36846889671166,5.237932544824712
909,Jesse Cisneros,59.059615356867255,9.986441467922136
910,Kelly Curtis,60.432353494257875,5.263307486041648
911,Ronald Mcgee,62.14793718854063,7.16611988632261
912,Amanda Woods,58.97511371088193,5.677691400231482
913,Tammy White,63.15620140792078,7.798569506719491
914,Kevin Pollard,59.491378588906855,5.301647456897802
915,Jack Campbell,62.08898117275385,9.205589514867397
916,Bobby Walker,61.705514876377826,9.589326765808373
917,Lisa Ramirez,58.2099259070436,7.996960279979593
918,Richard Butler,58.21182951690178,8.08023725214894
919,Steven Hall,58.96053748203222,5.77652562586661
920,Rose Glover,62.1220560845318,7.213337314787926
921,Peter Kennedy,63.40133213521219,10.345271424320615
922,Samuel Pollard,62.02793170176418,9.136112905352757
923,Martin Hendricks,62.06855589134151,7.260542762231254
924,Christopher Gray,59.42920732551291,5.384647717979446
925,Eric Jordan,63.15917444631979,7.678270759512929
926,Sarah Cruz,63.4035725151694,10.480172209867444
927,Nicole Miller,62.03449867816272,9.124704485558983
928,Timothy Larson,63.17606968725348,7.655372803391007
929,Preston Cantu,62.51343326348934,6.165110766983601
930,Lindsay Morgan,58.202325595819175,8.05382954613801
931,Matthew Harris,59.061149625111604,9.970536323657573
932,Tara Rivera,60.77244752427822,10.790623993842086
933,Daniel Robertson,59.7600965457905,10.13097263449186
934,Christine Knox,59.493792840096255,5.2183216342282135
935,Mary Rodriguez,60.387353080327955,5.254995219992743
936,Jessica Smith MD,63.104780534680806,7.680297584444018
937,Daniel Smith,62.60806015838226,9.702740257492902
938,Stacy Marks,60.762269140475944,10.765325570121991
939,Leah Dixon,60.529309096084475,8.326981978325062
940,Craig Deleon,58.97970699659231,5.742680663917031
941,Jessica Stein,60.38524823903059,5.367940202101595
942,Daniel Young,59.46719233963299,5.356449513359123
943,Timothy Bailey,63.13308753322932,7.768133348166839
944,Nancy Ramsey,60.58213565937579,8.249860902777828
945,Alexander Cook,60.232342882018976,11.931106096230044
946,Patricia Wilson,58.999288942920295,5.728261012373036
947,Bethany Trujillo,59.043221779083915,10.119892295916486
948,Michael Bray,62.51508196637335,6.229403293367756
949,Chad Williams,62.66269132281458,9.66681333944506
950,Patricia Williams,59.78933800065003,10.238340863172116
951,David Anderson,62.08594989139602,9.08853652123575
952,Daniel Hines,59.07938000505166,10.056679213969492
953,Rachel Stone,58.20019444561826,7.948210596146486
954,Carrie Williams,60.61079875699229,8.140936258135081
955,Phillip Brown,62.65495380329941,9.670834641103937
956,Gregory Hurley,61.69699104162874,9.505576754788922
957,Charles Murphy,62.646687479757695,9.570591569568975
958,Matthew Powers,61.744607165557746,9.467584207032091
959,Nathan Harrison,63.47889576354888,10.346619694970508
960,Janet Taylor,62.610458444946104,9.705914811040312
961,Nicole Brady,59.089006162995695,10.029512063175002
962,Zachary Simpson,60.515599922466706,8.204367446276882
963,Amy Jones,61.64411113396396,5.140500434231503
964,Terri Schmidt,62.44574462674663,6.136196409397839
965,Sean Blankenship,61.71232420995094,9.588855854822231
966,Levi Brown,60.75944460612572,10.637578635800077
967,Charles Pugh,62.072149013220816,7.23207985023945
968,Nancy Phillips,60.34204398469558,5.335805639713828
969,Dean Lamb,62.12532321423809,9.066436884952639
970,Dr. Marilyn Lopez,62.588647366377344,9.6248613827747
971,Judith Anderson,62.447402229186594,6.108379194760511
972,Laura Wolf,62.62414402279203,9.53519664681306
973,Jeffrey Camacho,62.521202130033444,6.123354571455329
974,Patrick Joseph,60.43307348750755,5.255455077685734
975,Angela Oconnor,61.707582466002364,9.521812955303087
976,Christine Davis,60.41115650774491,5.355731494413826
977,Brenda Reyes,58.13839330292741,8.012148322141172
978,Jeremy Alvarado,59.04617786104665,9.965575612522153
979,Brian Everett,60.786421665671305,10.705200096259123
980,Matthew Kennedy,59.20174740825345,10.973941690188049
981,Samantha Fox,60.588081035413026,8.25758683017614
982,Adrian Morales,63.408251523552416,10.386747210346925
983,Mary Sutton,61.61816882258696,5.040024886662432
984,Nathan Deleon,60.3925580578162,5.216262328099241
985,Anna Alvarez,60.54562595878394,8.133658724541355
986,Brian Perez,61.615138827570405,5.100190392256729
987,Theodore Garcia,58.17301851087407,7.995977827812187
988,Angela Torres,59.87389744836117,10.771405453401464
989,Brad Nelson,60.40048430409956,5.228523271125667
990,Kelly Beck,61.74354373193153,9.45283210986812
991,Gloria Clark,61.734397937268405,9.461002906693976
992,Morgan Austin,59.89806056130742,10.82525246878662
993,Allison Thompson,60.80743849653916,10.748490447335492
994,Matthew Parsons,63.45001802335233,10.307435094937064
995,Vanessa Wagner,59.45323707037796,5.234127619659139
996,Andrew Murphy,62.49799271877672,6.184018873327352
997,Anna Hendrix,59.052037421344934,10.041834412150164
998,Charles Carpenter,59.92436790307949,10.676375059307697
999,Diana Delgado,60.387872001339964,5.345031912489165
1000,John Santiago,60.26905948940541,12.00518111733362
